204,Winnipeg,Manitoba,CA,49.8844,-97.14704
204,"Portage la Prairie",Manitoba,CA,49.97282,-98.29263
204,Oakville,Ontario,CA,43.45011,-79.68292
204,"Flin Flon",Manitoba,CA,54.76824,-101.86497
204,Steinbach,Manitoba,CA,49.52579,-96.68451
204,Thompson,Manitoba,CA,55.7435,-97.85579
204,Winkler,Manitoba,CA,49.1817,-97.94104
204,Brandon,Manitoba,CA,49.84692,-99.95306
204,Selkirk,Manitoba,CA,50.1436,-96.88452
204,Morden,Manitoba,CA,49.1919,-98.10136
204,Dauphin,Manitoba,CA,51.14941,-100.05023
204,"The Pas",Manitoba,CA,53.82509,-101.25413
204,Saint-Laurent,Québec,CA,45.50008,-73.66585
204,Saint-Lazare,Québec,CA,45.40008,-74.13256
226,Orangeville,Ontario,CA,43.9168,-80.09967
226,Guelph,Ontario,CA,43.54594,-80.25599
226,Brantford,Ontario,CA,43.1334,-80.26636
226,London,Ontario,CA,42.98339,-81.23304
226,"St. Thomas",Ontario,CA,42.77361,-81.18038
226,Windsor,Ontario,CA,42.30008,-83.01654
226,Goderich,Ontario,CA,43.75008,-81.71648
226,Paris,Ontario,CA,43.2,-80.38333
226,Woodstock,Ontario,CA,43.13339,-80.7497
226,Sarnia,Ontario,CA,42.97866,-82.40407
226,"Owen Sound",Ontario,CA,44.56717,-80.94349
226,Stratford,Ontario,CA,43.36679,-80.94972
226,Aylmer,Ontario,CA,42.76679,-80.98302
226,Hanover,Ontario,CA,44.15009,-81.03303
226,Petrolia,Ontario,CA,42.86678,-82.14981
226,Amherstburg,Ontario,CA,42.11679,-83.04985
226,Moncton,"New Brunswick",CA,46.09454,-64.7965
236,Victoria,"British Columbia",CA,48.43294,-123.3693
236,Aldergrove,"British Columbia",CA,49.05801,-122.47087
236,"West Vancouver","British Columbia",CA,49.36672,-123.16652
236,"White Rock","British Columbia",CA,49.01636,-122.8026
236,Richmond,"British Columbia",CA,49.17003,-123.13683
236,"Prince George","British Columbia",CA,53.9166,-122.75301
236,Cranbrook,"British Columbia",CA,49.49991,-115.76879
236,"West Kelowna","British Columbia",CA,49.8625,-119.58333
236,Kamloops,"British Columbia",CA,50.66648,-120.3192
236,Penticton,"British Columbia",CA,49.48062,-119.58584
236,Quesnel,"British Columbia",CA,52.97842,-122.4931
236,Vernon,"British Columbia",CA,50.26729,-119.27337
236,Nelson,"British Columbia",CA,49.49985,-117.28553
236,"Salmon Arm","British Columbia",CA,50.6998,-119.30237
236,Terrace,"British Columbia",CA,54.51634,-128.60345
236,"Williams Lake","British Columbia",CA,52.14153,-122.14451
236,Duncan,"British Columbia",CA,48.78293,-123.70266
249,Bracebridge,Ontario,CA,45.03341,-79.31633
249,"Parry Sound",Ontario,CA,45.34732,-80.03527
249,Collingwood,Ontario,CA,44.4834,-80.21638
249,"Greater Sudbury",Ontario,CA,46.49,-80.99001
249,Midland,Ontario,CA,44.7501,-79.88296
249,Timmins,Ontario,CA,48.46686,-81.33312
249,"North Bay",Ontario,CA,46.3168,-79.46633
249,Peterborough,Ontario,CA,44.30012,-78.31623
249,Orillia,Ontario,CA,44.60868,-79.42068
249,Barrie,Ontario,CA,44.40011,-79.66634
249,Huntsville,Ontario,CA,45.33341,-79.21632
249,"Temiskaming Shores",Ontario,CA,47.49376,-79.71529
249,"Kirkland Lake",Ontario,CA,48.14461,-80.03767
249,Kapuskasing,Ontario,CA,49.41694,-82.43308
250,Revelstoke,"British Columbia",CA,50.98317,-118.2023
250,"Campbell River","British Columbia",CA,50.01634,-125.24459
250,"Port Alberni","British Columbia",CA,49.24133,-124.8028
250,Courtenay,"British Columbia",CA,49.68657,-124.9936
250,Victoria,"British Columbia",CA,48.43294,-123.3693
250,"West Kelowna","British Columbia",CA,49.8625,-119.58333
250,Kamloops,"British Columbia",CA,50.66648,-120.3192
250,"Dawson Creek","British Columbia",CA,55.75984,-120.2403
250,"Fort St. John","British Columbia",CA,56.24988,-120.85292
250,Parksville,"British Columbia",CA,49.31947,-124.31575
250,Trail,"British Columbia",CA,49.09983,-117.70223
250,Vernon,"British Columbia",CA,50.26729,-119.27337
250,Nanaimo,"British Columbia",CA,49.16638,-123.94003
250,Ladysmith,"British Columbia",CA,48.99016,-123.81699
250,Duncan,"British Columbia",CA,48.78293,-123.70266
250,"Salmon Arm","British Columbia",CA,50.6998,-119.30237
250,Quesnel,"British Columbia",CA,52.97842,-122.4931
250,"Williams Lake","British Columbia",CA,52.14153,-122.14451
250,Penticton,"British Columbia",CA,49.48062,-119.58584
250,"Prince George","British Columbia",CA,53.9166,-122.75301
250,Fernie,"British Columbia",CA,49.49996,-115.06871
250,Kitimat,"British Columbia",CA,54.05244,-128.65342
250,Merritt,"British Columbia",CA,50.11225,-120.7942
250,Castlegar,"British Columbia",CA,49.29984,-117.66894
250,Nelson,"British Columbia",CA,49.49985,-117.28553
250,Summerland,"British Columbia",CA,49.59977,-119.66911
250,Cranbrook,"British Columbia",CA,49.49991,-115.76879
250,Kimberley,"British Columbia",CA,49.67071,-115.9776
250,Greenwood,"Nova Scotia",CA,44.97413,-64.93169
250,"North Saanich","British Columbia",CA,48.66634,-123.41933
250,Terrace,"British Columbia",CA,54.51634,-128.60345
250,"Prince Rupert","British Columbia",CA,54.31507,-130.32098
250,Sooke,"British Columbia",CA,48.37463,-123.72762
250,Smithers,"British Columbia",CA,54.78036,-127.17428
289,Brampton,Ontario,CA,43.68341,-79.76633
289,Ancaster,Ontario,CA,43.21806,-79.98716
289,Burlington,Ontario,CA,43.38621,-79.83713
289,Cobourg,Ontario,CA,43.95977,-78.16515
289,Oakville,Ontario,CA,43.45011,-79.68292
289,Oshawa,Ontario,CA,43.90012,-78.84957
289,Pickering,Ontario,CA,43.90012,-79.13289
289,Newmarket,Ontario,CA,44.05011,-79.46631
289,Hamilton,Ontario,CA,43.25011,-79.84963
289,"Niagara Falls",Ontario,CA,43.10012,-79.06627
289,"Fort Erie",Ontario,CA,42.90012,-78.93286
289,"Richmond Hill",Ontario,CA,43.87111,-79.43725
289,Milton,Ontario,CA,43.51681,-79.88294
289,Markham,Ontario,CA,43.86682,-79.2663
289,Welland,Ontario,CA,42.98342,-79.24958
289,Uxbridge,Ontario,CA,44.10012,-79.11628
289,"Port Colborne",Ontario,CA,42.90012,-79.23288
289,Keswick,Ontario,CA,44.25011,-79.46632
289,Victoria,"British Columbia",CA,48.43294,-123.3693
306,Regina,Saskatchewan,CA,50.45008,-104.6178
306,Saskatoon,Saskatchewan,CA,52.11679,-106.63452
306,"North Battleford",Saskatchewan,CA,52.77972,-108.2967
306,"Moose Jaw",Saskatchewan,CA,50.40005,-105.53445
306,Melfort,Saskatchewan,CA,52.86673,-104.61768
306,Lloydminster,Saskatchewan,CA,53.28346,-110.00157
306,Estevan,Saskatchewan,CA,49.13337,-102.98422
306,"Prince Albert",Saskatchewan,CA,53.20008,-105.76772
306,"Swift Current",Saskatchewan,CA,50.28337,-107.80135
306,Yorkton,Saskatchewan,CA,51.2167,-102.46766
306,Weyburn,Saskatchewan,CA,49.66675,-103.85109
343,"Carleton Place",Ontario,CA,45.13341,-76.14938
343,Brockville,Ontario,CA,44.59132,-75.68705
343,Belleville,Ontario,CA,44.16682,-77.38277
343,Kingston,Ontario,CA,44.22976,-76.48098
343,"Greater Napanee",Ontario,CA,44.25012,-76.94944
343,Cornwall,Ontario,CA,45.01809,-74.72815
343,Renfrew,Ontario,CA,45.46681,-76.68272
343,Pembroke,Ontario,CA,45.81681,-77.11616
343,Perth,Ontario,CA,44.90011,-76.24939
343,Gananoque,Ontario,CA,44.33342,-76.16607
343,Hawkesbury,Ontario,CA,45.60009,-74.61595
343,"Smiths Falls",Ontario,CA,44.90452,-76.02333
365,Hamilton,Ontario,CA,43.25011,-79.84963
365,Oshawa,Ontario,CA,43.90012,-78.84957
403,Calgary,Alberta,CA,51.05011,-114.08529
403,Taber,Alberta,CA,49.78703,-112.14603
403,"Red Deer",Alberta,CA,52.26682,-113.802
403,Okotoks,Alberta,CA,50.72885,-113.98281
403,Lethbridge,Alberta,CA,49.69999,-112.81856
403,Airdrie,Alberta,CA,51.30011,-114.03528
403,"Rocky Mountain House",Alberta,CA,52.36683,-114.9188
403,Stettler,Alberta,CA,52.31683,-112.71861
403,Strathmore,Alberta,CA,51.05011,-113.38523
403,"High River",Alberta,CA,50.58341,-113.86867
403,Coaldale,Alberta,CA,49.7167,-112.61854
403,Brooks,Alberta,CA,50.58341,-111.88509
403,Olds,Alberta,CA,51.78341,-114.10199
403,Banff,Alberta,CA,51.17622,-115.56982
403,"Medicine Hat",Alberta,CA,50.05006,-110.66834
403,Canmore,Alberta,CA,51.08335,-115.35206
403,Ponoka,Alberta,CA,52.6768,-113.58147
403,Cochrane,Alberta,CA,51.18341,-114.46871
403,Lacombe,Alberta,CA,52.46681,-113.7353
403,"Sylvan Lake",Alberta,CA,52.31681,-114.0853
416,Toronto,Ontario,CA,43.70011,-79.4163
416,"West Vancouver","British Columbia",CA,49.36672,-123.16652
418,Baie-Saint-Paul,Québec,CA,47.44109,-70.49858
418,"La Malbaie",Québec,CA,47.654,-70.15268
418,Québec,Québec,CA,46.81228,-71.21454
418,Saint-Lambert-de-Lauzon,Québec,CA,46.58624,-71.20892
418,Montmagny,Québec,CA,46.98043,-70.55493
418,Alma,Québec,CA,48.55009,-71.6491
418,Jonquière,Québec,CA,48.41648,-71.24884
418,Saint-Raymond,Québec,CA,45.46698,-73.60948
418,Beauceville,Québec,CA,46.21785,-70.77873
418,Saint-Félicien,Québec,CA,48.65007,-72.44906
418,Roberval,Québec,CA,48.5168,-72.23244
418,Baie-Comeau,Québec,CA,49.21679,-68.14894
418,Thetford-Mines,Québec,CA,46.09371,-71.30539
418,Donnacona,Québec,CA,46.68042,-71.7239
418,Rivière-du-Loup,Québec,CA,47.82699,-69.54243
418,Lévis,Québec,CA,46.80326,-71.17793
418,Rimouski,Québec,CA,48.44879,-68.52396
418,Amqui,Québec,CA,48.46382,-67.43134
418,Sept-Îles,Québec,CA,50.20011,-66.38208
418,Gaspé,Québec,CA,48.83341,-64.48194
418,Chandler,Québec,CA,48.34935,-64.67926
418,Pont-Rouge,Québec,CA,46.75468,-71.69566
418,Matane,Québec,CA,48.82857,-67.52197
418,Stratford,Ontario,CA,43.36679,-80.94972
418,Port-Cartier,Québec,CA,50.03339,-66.86545
418,Saint-Henri,Québec,CA,46.69314,-71.06927
418,Chibougamau,Québec,CA,49.91684,-74.36586
418,Sainte-Anne-des-Monts,Québec,CA,49.12402,-66.49243
418,Mont-Joli,Québec,CA,48.58388,-68.19214
418,"West Vancouver","British Columbia",CA,49.36672,-123.16652
431,Winnipeg,Manitoba,CA,49.8844,-97.14704
431,Steinbach,Manitoba,CA,49.52579,-96.68451
431,Brandon,Manitoba,CA,49.84692,-99.95306
431,Morden,Manitoba,CA,49.1919,-98.10136
431,"Flin Flon",Manitoba,CA,54.76824,-101.86497
431,Dauphin,Manitoba,CA,51.14941,-100.05023
431,Thompson,Manitoba,CA,55.7435,-97.85579
431,"The Pas",Manitoba,CA,53.82509,-101.25413
431,Selkirk,Manitoba,CA,50.1436,-96.88452
431,Winkler,Manitoba,CA,49.1817,-97.94104
431,"Portage la Prairie",Manitoba,CA,49.97282,-98.29263
437,Toronto,Ontario,CA,43.70011,-79.4163
438,Montréal-Ouest,Québec,CA,45.45286,-73.64918
438,Pointe-Claire,Québec,CA,45.44868,-73.81669
450,Châteauguay,Québec,CA,45.38338,-73.74919
450,Hudson,Québec,CA,45.45008,-74.14922
450,Granby,Québec,CA,45.40008,-72.73243
450,Lachute,Québec,CA,45.65008,-74.33253
450,Saint-Hyacinthe,Québec,CA,45.63076,-72.95699
450,"St. John's","Newfoundland and Labrador",CA,47.56494,-52.70931
450,Beauharnois,Québec,CA,45.31341,-73.8725
450,Saint-Sauveur,Québec,CA,45.88686,-74.17943
450,Sainte-Adèle,Québec,CA,45.95008,-74.13251
450,"Acton Vale",Québec,CA,45.65007,-72.56582
450,Sorel-Tracy,Québec,CA,46.03336,-73.11585
450,Cowansville,Québec,CA,45.20008,-72.74913
450,Beloeil,Québec,CA,45.56678,-73.19915
450,Joliette,Québec,CA,46.01677,-73.44915
450,Boucherville,Québec,CA,45.59104,-73.43605
450,Saint-Jérôme,Québec,CA,45.78036,-74.00365
450,Chambly,Québec,CA,45.45008,-73.28246
450,"La Prairie",Québec,CA,45.41678,-73.49917
450,Varennes,Québec,CA,45.68338,-73.43246
450,Longueuil,Québec,CA,45.53121,-73.51806
450,Saint-Constant,Québec,CA,45.36678,-73.56588
450,Farnham,Québec,CA,45.28338,-72.98244
450,Terrebonne,Québec,CA,45.70004,-73.64732
450,Mascouche,Québec,CA,45.74965,-73.59956
450,Saint-Eustache,Québec,CA,45.565,-73.90554
450,Rawdon,Québec,CA,46.05007,-73.71587
450,Lavaltrie,Québec,CA,45.88338,-73.28245
450,Marieville,Québec,CA,45.43338,-73.16585
450,Bromont,Québec,CA,45.31678,-72.64912
450,Waterloo,Ontario,CA,43.4668,-80.51639
506,Edmundston,"New Brunswick",CA,47.3737,-68.32512
506,"St. John's","Newfoundland and Labrador",CA,47.56494,-52.70931
506,Moncton,"New Brunswick",CA,46.09454,-64.7965
506,Fredericton,"New Brunswick",CA,45.94541,-66.66558
506,Oromocto,"New Brunswick",CA,45.83512,-66.47917
506,Keswick,Ontario,CA,44.25011,-79.46632
506,Miramichi,"New Brunswick",CA,47.02895,-65.50186
506,Dorchester,Ontario,CA,42.98339,-81.06643
506,Bathurst,"New Brunswick",CA,47.61814,-65.65112
506,Woodstock,Ontario,CA,43.13339,-80.7497
506,Campbellton,"New Brunswick",CA,48.00751,-66.67272
506,Sackville,"New Brunswick",CA,45.91875,-64.38455
506,Saint-Léonard,Québec,CA,45.58773,-73.59501
506,Alma,Québec,CA,48.55009,-71.6491
514,"West Vancouver","British Columbia",CA,49.36672,-123.16652
514,Montréal-Ouest,Québec,CA,45.45286,-73.64918
514,Pointe-Claire,Québec,CA,45.44868,-73.81669
519,London,Ontario,CA,42.98339,-81.23304
519,Dorchester,Ontario,CA,42.98339,-81.06643
519,"St. Thomas",Ontario,CA,42.77361,-81.18038
519,Brantford,Ontario,CA,43.1334,-80.26636
519,Orangeville,Ontario,CA,43.9168,-80.09967
519,Windsor,Ontario,CA,42.30008,-83.01654
519,Guelph,Ontario,CA,43.54594,-80.25599
519,"Owen Sound",Ontario,CA,44.56717,-80.94349
519,Stratford,Ontario,CA,43.36679,-80.94972
519,Woodstock,Ontario,CA,43.13339,-80.7497
519,Paris,Ontario,CA,43.2,-80.38333
519,Ingersoll,Ontario,CA,43.03339,-80.88302
519,Sarnia,Ontario,CA,42.97866,-82.40407
519,Moncton,"New Brunswick",CA,46.09454,-64.7965
519,Hanover,Ontario,CA,44.15009,-81.03303
519,Goderich,Ontario,CA,43.75008,-81.71648
519,Amherstburg,Ontario,CA,42.11679,-83.04985
519,Aylmer,Ontario,CA,42.76679,-80.98302
519,Petrolia,Ontario,CA,42.86678,-82.14981
519,"West Vancouver","British Columbia",CA,49.36672,-123.16652
579,Cowansville,Québec,CA,45.20008,-72.74913
579,Granby,Québec,CA,45.40008,-72.73243
579,Longueuil,Québec,CA,45.53121,-73.51806
579,Boucherville,Québec,CA,45.59104,-73.43605
579,Chambly,Québec,CA,45.45008,-73.28246
579,"La Prairie",Québec,CA,45.41678,-73.49917
579,Marieville,Québec,CA,45.43338,-73.16585
579,"St. John's","Newfoundland and Labrador",CA,47.56494,-52.70931
579,Saint-Hyacinthe,Québec,CA,45.63076,-72.95699
579,Beloeil,Québec,CA,45.56678,-73.19915
579,Mascouche,Québec,CA,45.74965,-73.59956
579,Saint-Jérôme,Québec,CA,45.78036,-74.00365
579,Sorel-Tracy,Québec,CA,46.03336,-73.11585
579,Joliette,Québec,CA,46.01677,-73.44915
579,Saint-Eustache,Québec,CA,45.565,-73.90554
579,Bromont,Québec,CA,45.31678,-72.64912
579,Rawdon,Québec,CA,46.05007,-73.71587
579,Lavaltrie,Québec,CA,45.88338,-73.28245
579,Saint-Constant,Québec,CA,45.36678,-73.56588
579,Châteauguay,Québec,CA,45.38338,-73.74919
579,Waterloo,Ontario,CA,43.4668,-80.51639
579,Lachute,Québec,CA,45.65008,-74.33253
579,Terrebonne,Québec,CA,45.70004,-73.64732
579,Saint-Sauveur,Québec,CA,45.88686,-74.17943
581,Alma,Québec,CA,48.55009,-71.6491
581,Québec,Québec,CA,46.81228,-71.21454
581,Rivière-du-Loup,Québec,CA,47.82699,-69.54243
581,Roberval,Québec,CA,48.5168,-72.23244
581,Saint-Félicien,Québec,CA,48.65007,-72.44906
581,Matane,Québec,CA,48.82857,-67.52197
581,Baie-Saint-Paul,Québec,CA,47.44109,-70.49858
581,"La Malbaie",Québec,CA,47.654,-70.15268
581,Rimouski,Québec,CA,48.44879,-68.52396
581,Jonquière,Québec,CA,48.41648,-71.24884
581,Lévis,Québec,CA,46.80326,-71.17793
581,Thetford-Mines,Québec,CA,46.09371,-71.30539
581,Montmagny,Québec,CA,46.98043,-70.55493
581,Stratford,Ontario,CA,43.36679,-80.94972
581,Port-Cartier,Québec,CA,50.03339,-66.86545
581,Sept-Îles,Québec,CA,50.20011,-66.38208
581,Pont-Rouge,Québec,CA,46.75468,-71.69566
581,Amqui,Québec,CA,48.46382,-67.43134
581,Sainte-Anne-des-Monts,Québec,CA,49.12402,-66.49243
581,Donnacona,Québec,CA,46.68042,-71.7239
581,Gaspé,Québec,CA,48.83341,-64.48194
581,Saint-Henri,Québec,CA,46.69314,-71.06927
581,Chandler,Québec,CA,48.34935,-64.67926
581,Baie-Comeau,Québec,CA,49.21679,-68.14894
581,Beauceville,Québec,CA,46.21785,-70.77873
581,Chibougamau,Québec,CA,49.91684,-74.36586
587,Bonnyville,Alberta,CA,54.26684,-110.73505
587,Calgary,Alberta,CA,51.05011,-114.08529
587,Lloydminster,Saskatchewan,CA,53.28346,-110.00157
587,Lethbridge,Alberta,CA,49.69999,-112.81856
587,Banff,Alberta,CA,51.17622,-115.56982
587,"St. Albert",Alberta,CA,53.63344,-113.63533
587,"Sherwood Park",Alberta,CA,53.51684,-113.3187
587,Airdrie,Alberta,CA,51.30011,-114.03528
587,Beaumont,Alberta,CA,53.35013,-113.41871
587,Canmore,Alberta,CA,51.08335,-115.35206
587,Cochrane,Alberta,CA,51.18341,-114.46871
587,Devon,Alberta,CA,53.36683,-113.73533
587,"Fort McMurray",Alberta,CA,56.72676,-111.38103
587,"Fort Saskatchewan",Alberta,CA,53.71684,-113.2187
587,"Grande Prairie",Alberta,CA,55.16667,-118.80271
587,"High River",Alberta,CA,50.58341,-113.86867
587,Leduc,Alberta,CA,53.26682,-113.55201
587,"Medicine Hat",Alberta,CA,50.05006,-110.66834
587,Morinville,Alberta,CA,53.80014,-113.65203
587,Okotoks,Alberta,CA,50.72885,-113.98281
587,"Spruce Grove",Alberta,CA,53.53344,-113.91874
587,"Stony Plain",Alberta,CA,53.53343,-114.00205
587,Strathmore,Alberta,CA,51.05011,-113.38523
587,Camrose,Alberta,CA,53.01684,-112.83525
587,"Peace River",Alberta,CA,56.2501,-117.28599
587,Vegreville,Alberta,CA,53.50015,-112.05182
587,Brooks,Alberta,CA,50.58341,-111.88509
587,Westlock,Alberta,CA,54.15016,-113.86876
587,"Slave Lake",Alberta,CA,55.28344,-114.76896
587,Edson,Alberta,CA,53.58345,-116.43559
587,"Red Deer",Alberta,CA,52.26682,-113.802
587,"Drayton Valley",Alberta,CA,53.21682,-114.98544
587,Wainwright,Alberta,CA,52.83904,-110.85723
587,Stettler,Alberta,CA,52.31683,-112.71861
587,Lacombe,Alberta,CA,52.46681,-113.7353
587,Edmonton,Alberta,CA,53.55014,-113.46871
587,Taber,Alberta,CA,49.78703,-112.14603
587,"Sylvan Lake",Alberta,CA,52.31681,-114.0853
587,Coaldale,Alberta,CA,49.7167,-112.61854
587,"Cold Lake",Alberta,CA,54.46525,-110.18154
587,Hinton,Alberta,CA,53.40009,-117.58567
587,Wetaskiwin,Alberta,CA,52.96683,-113.36869
587,Olds,Alberta,CA,51.78341,-114.10199
587,Ponoka,Alberta,CA,52.6768,-113.58147
587,"Rocky Mountain House",Alberta,CA,52.36683,-114.9188
604,"New Westminster","British Columbia",CA,49.20678,-122.91092
604,Whistler,"British Columbia",CA,50.1164,-122.96946
604,Richmond,"British Columbia",CA,49.17003,-123.13683
604,"West Vancouver","British Columbia",CA,49.36672,-123.16652
604,"Powell River","British Columbia",CA,49.87022,-124.54926
604,"North Vancouver","British Columbia",CA,49.31636,-123.06934
604,Sechelt,"British Columbia",CA,49.47512,-123.75903
604,Abbotsford,"British Columbia",CA,49.05798,-122.25257
604,Aldergrove,"British Columbia",CA,49.05801,-122.47087
604,Chilliwack,"British Columbia",CA,49.16638,-121.95257
604,Ladner,"British Columbia",CA,49.08938,-123.08241
604,"White Rock","British Columbia",CA,49.01636,-122.8026
604,Langley,"British Columbia",CA,49.08297,-122.58589
604,"Pitt Meadows","British Columbia",CA,49.22119,-122.68965
604,"Port Moody","British Columbia",CA,49.28297,-122.85263
604,Gibsons,"British Columbia",CA,49.39539,-123.50555
613,Perth,Ontario,CA,44.90011,-76.24939
613,"Smiths Falls",Ontario,CA,44.90452,-76.02333
613,Cornwall,Ontario,CA,45.01809,-74.72815
613,Belleville,Ontario,CA,44.16682,-77.38277
613,Brockville,Ontario,CA,44.59132,-75.68705
613,Kingston,Ontario,CA,44.22976,-76.48098
613,"Carleton Place",Ontario,CA,45.13341,-76.14938
613,Pembroke,Ontario,CA,45.81681,-77.11616
613,Hawkesbury,Ontario,CA,45.60009,-74.61595
613,"Greater Napanee",Ontario,CA,44.25012,-76.94944
613,Gananoque,Ontario,CA,44.33342,-76.16607
613,Renfrew,Ontario,CA,45.46681,-76.68272
613,Richmond,"British Columbia",CA,49.17003,-123.13683
613,Petawawa,Ontario,CA,45.89452,-77.28007
613,Delta,"British Columbia",CA,49.14399,-122.9068
613,Arnprior,Ontario,CA,45.43341,-76.34939
613,"West Vancouver","British Columbia",CA,49.36672,-123.16652
639,"Prince Albert",Saskatchewan,CA,53.20008,-105.76772
639,Regina,Saskatchewan,CA,50.45008,-104.6178
639,Saskatoon,Saskatchewan,CA,52.11679,-106.63452
639,Estevan,Saskatchewan,CA,49.13337,-102.98422
639,Lloydminster,Saskatchewan,CA,53.28346,-110.00157
647,Toronto,Ontario,CA,43.70011,-79.4163
705,Peterborough,Ontario,CA,44.30012,-78.31623
705,"Parry Sound",Ontario,CA,45.34732,-80.03527
705,Bracebridge,Ontario,CA,45.03341,-79.31633
705,"Sault Ste. Marie",Ontario,CA,46.51677,-84.33325
705,"Greater Sudbury",Ontario,CA,46.49,-80.99001
705,Midland,Ontario,CA,44.7501,-79.88296
705,Barrie,Ontario,CA,44.40011,-79.66634
705,Timmins,Ontario,CA,48.46686,-81.33312
705,"North Bay",Ontario,CA,46.3168,-79.46633
705,Huntsville,Ontario,CA,45.33341,-79.21632
705,Orillia,Ontario,CA,44.60868,-79.42068
705,"Elliot Lake",Ontario,CA,46.38336,-82.63315
705,Cochrane,Alberta,CA,51.18341,-114.46871
705,Collingwood,Ontario,CA,44.4834,-80.21638
705,Kapuskasing,Ontario,CA,49.41694,-82.43308
705,"Wasaga Beach",Ontario,CA,44.5168,-80.01637
705,"Temiskaming Shores",Ontario,CA,47.49376,-79.71529
705,"Kirkland Lake",Ontario,CA,48.14461,-80.03767
705,Gravenhurst,Ontario,CA,44.91681,-79.36633
705,"West Vancouver","British Columbia",CA,49.36672,-123.16652
709,Stephenville,"Newfoundland and Labrador",CA,48.55001,-58.5818
709,"Corner Brook","Newfoundland and Labrador",CA,48.95001,-57.95202
709,"Happy Valley-Goose Bay","Newfoundland and Labrador",CA,53.31685,-60.33153
709,"St. John's","Newfoundland and Labrador",CA,47.56494,-52.70931
709,"Bay Roberts","Newfoundland and Labrador",CA,47.59989,-53.26478
709,Burlington,Ontario,CA,43.38621,-79.83713
709,Campbellton,"New Brunswick",CA,48.00751,-66.67272
709,Beaumont,Alberta,CA,53.35013,-113.41871
709,Carbonear,"Newfoundland and Labrador",CA,47.73319,-53.21478
709,Charlottetown,"Prince Edward Island",CA,46.23525,-63.12671
709,Summerside,"Prince Edward Island",CA,46.39593,-63.78762
778,"West Vancouver","British Columbia",CA,49.36672,-123.16652
778,Abbotsford,"British Columbia",CA,49.05798,-122.25257
778,Smithers,"British Columbia",CA,54.78036,-127.17428
778,Vernon,"British Columbia",CA,50.26729,-119.27337
778,"West Kelowna","British Columbia",CA,49.8625,-119.58333
778,"Port Moody","British Columbia",CA,49.28297,-122.85263
778,Richmond,"British Columbia",CA,49.17003,-123.13683
778,Kamloops,"British Columbia",CA,50.66648,-120.3192
778,Victoria,"British Columbia",CA,48.43294,-123.3693
778,Courtenay,"British Columbia",CA,49.68657,-124.9936
778,"New Westminster","British Columbia",CA,49.20678,-122.91092
778,Aldergrove,"British Columbia",CA,49.05801,-122.47087
778,"North Vancouver","British Columbia",CA,49.31636,-123.06934
778,Revelstoke,"British Columbia",CA,50.98317,-118.2023
778,"Fort St. John","British Columbia",CA,56.24988,-120.85292
778,Cranbrook,"British Columbia",CA,49.49991,-115.76879
778,Ladner,"British Columbia",CA,49.08938,-123.08241
778,"Williams Lake","British Columbia",CA,52.14153,-122.14451
778,Nanaimo,"British Columbia",CA,49.16638,-123.94003
778,Nelson,"British Columbia",CA,49.49985,-117.28553
778,Terrace,"British Columbia",CA,54.51634,-128.60345
778,"Dawson Creek","British Columbia",CA,55.75984,-120.2403
778,Trail,"British Columbia",CA,49.09983,-117.70223
778,Duncan,"British Columbia",CA,48.78293,-123.70266
778,Gibsons,"British Columbia",CA,49.39539,-123.50555
778,Langley,"British Columbia",CA,49.08297,-122.58589
778,"Prince George","British Columbia",CA,53.9166,-122.75301
778,"Salmon Arm","British Columbia",CA,50.6998,-119.30237
778,"White Rock","British Columbia",CA,49.01636,-122.8026
778,"Port Alberni","British Columbia",CA,49.24133,-124.8028
778,Quesnel,"British Columbia",CA,52.97842,-122.4931
778,"Campbell River","British Columbia",CA,50.01634,-125.24459
778,Merritt,"British Columbia",CA,50.11225,-120.7942
778,Ladysmith,"British Columbia",CA,48.99016,-123.81699
778,"North Saanich","British Columbia",CA,48.66634,-123.41933
778,Sooke,"British Columbia",CA,48.37463,-123.72762
778,"Prince Rupert","British Columbia",CA,54.31507,-130.32098
778,"Pitt Meadows","British Columbia",CA,49.22119,-122.68965
778,Sechelt,"British Columbia",CA,49.47512,-123.75903
778,Castlegar,"British Columbia",CA,49.29984,-117.66894
778,Penticton,"British Columbia",CA,49.48062,-119.58584
778,Kimberley,"British Columbia",CA,49.67071,-115.9776
778,Parksville,"British Columbia",CA,49.31947,-124.31575
778,Summerland,"British Columbia",CA,49.59977,-119.66911
778,Fernie,"British Columbia",CA,49.49996,-115.06871
778,Chilliwack,"British Columbia",CA,49.16638,-121.95257
778,Whistler,"British Columbia",CA,50.1164,-122.96946
778,"Powell River","British Columbia",CA,49.87022,-124.54926
778,Kitimat,"British Columbia",CA,54.05244,-128.65342
780,Edmonton,Alberta,CA,53.55014,-113.46871
780,Bonnyville,Alberta,CA,54.26684,-110.73505
780,"Drayton Valley",Alberta,CA,53.21682,-114.98544
780,Whitecourt,Alberta,CA,54.15015,-115.68548
780,Lloydminster,Saskatchewan,CA,53.28346,-110.00157
780,Westlock,Alberta,CA,54.15016,-113.86876
780,Vegreville,Alberta,CA,53.50015,-112.05182
780,"Fort McMurray",Alberta,CA,56.72676,-111.38103
780,"Peace River",Alberta,CA,56.2501,-117.28599
780,Hinton,Alberta,CA,53.40009,-117.58567
780,Edson,Alberta,CA,53.58345,-116.43559
780,Camrose,Alberta,CA,53.01684,-112.83525
780,"Grande Prairie",Alberta,CA,55.16667,-118.80271
780,"Slave Lake",Alberta,CA,55.28344,-114.76896
780,Wainwright,Alberta,CA,52.83904,-110.85723
780,Wetaskiwin,Alberta,CA,52.96683,-113.36869
780,"St. Albert",Alberta,CA,53.63344,-113.63533
780,"Sherwood Park",Alberta,CA,53.51684,-113.3187
780,"Spruce Grove",Alberta,CA,53.53344,-113.91874
780,Morinville,Alberta,CA,53.80014,-113.65203
780,"Fort Saskatchewan",Alberta,CA,53.71684,-113.2187
780,"Stony Plain",Alberta,CA,53.53343,-114.00205
780,Leduc,Alberta,CA,53.26682,-113.55201
780,"Cold Lake",Alberta,CA,54.46525,-110.18154
780,Beaumont,Alberta,CA,53.35013,-113.41871
780,Devon,Alberta,CA,53.36683,-113.73533
782,Halifax,"Nova Scotia",CA,44.64533,-63.57239
782,Yarmouth,"Nova Scotia",CA,43.83345,-66.11557
782,"New Glasgow","Nova Scotia",CA,45.58344,-62.64863
782,Charlottetown,"Prince Edward Island",CA,46.23525,-63.12671
807,Dryden,Ontario,CA,49.78334,-92.75032
807,"Thunder Bay",Ontario,CA,48.38202,-89.25018
807,"Fort Frances",Ontario,CA,48.59988,-93.4003
807,Hudson,Québec,CA,45.45008,-74.14922
807,"West Vancouver","British Columbia",CA,49.36672,-123.16652
819,Sherbrooke,Québec,CA,45.40008,-71.89908
819,Magog,Québec,CA,45.26678,-72.14909
819,Mont-Laurier,Québec,CA,46.55011,-75.4993
819,Amos,Québec,CA,48.56688,-78.11624
819,Asbestos,Québec,CA,45.76678,-71.9324
819,Louiseville,Québec,CA,46.25594,-72.94145
819,Princeville,Québec,CA,46.17163,-71.87462
819,Trois-Rivières,Québec,CA,46.34515,-72.5477
819,Shawinigan,Québec,CA,46.56675,-72.74913
819,Drummondville,Québec,CA,45.88336,-72.48241
819,Angus,Ontario,CA,44.31681,-79.88295
819,Plessisville,Québec,CA,46.21856,-71.76201
819,Nicolet,Québec,CA,46.21676,-72.61582
819,Val-d'Or,Québec,CA,48.10018,-77.7828
819,Rouyn-Noranda,Québec,CA,48.23656,-79.02311
819,Bécancour,Québec,CA,46.33336,-72.43241
819,"La Sarre",Québec,CA,48.80019,-79.19964
819,Victoriaville,Québec,CA,46.05007,-71.96579
819,Gatineau,Québec,CA,45.47723,-75.70164
819,Aylmer,Ontario,CA,42.76679,-80.98302
819,"St. Albert",Alberta,CA,53.63344,-113.63533
819,Coaticook,Québec,CA,45.13339,-71.79907
819,Windsor,Ontario,CA,42.30008,-83.01654
819,Richmond,"British Columbia",CA,49.17003,-123.13683
819,"La Tuque",Québec,CA,47.43337,-72.7824
819,"West Vancouver","British Columbia",CA,49.36672,-123.16652
825,Calgary,Alberta,CA,51.05011,-114.08529
825,Edmonton,Alberta,CA,53.55014,-113.46871
825,"Red Deer",Alberta,CA,52.26682,-113.802
825,"Fort McMurray",Alberta,CA,56.72676,-111.38103
825,Westlock,Alberta,CA,54.15016,-113.86876
867,Yellowknife,"Northwest Territories",CA,62.456,-114.35255
867,Iqaluit,Nunavut,CA,63.74697,-68.51727
867,Whitehorse,"Yukon Territory",CA,60.71611,-135.05375
873,Sherbrooke,Québec,CA,45.40008,-71.89908
873,Trois-Rivières,Québec,CA,46.34515,-72.5477
873,Drummondville,Québec,CA,45.88336,-72.48241
873,Shawinigan,Québec,CA,46.56675,-72.74913
873,Victoriaville,Québec,CA,46.05007,-71.96579
873,Rouyn-Noranda,Québec,CA,48.23656,-79.02311
873,"La Sarre",Québec,CA,48.80019,-79.19964
873,Val-d'Or,Québec,CA,48.10018,-77.7828
873,Mont-Laurier,Québec,CA,46.55011,-75.4993
873,Coaticook,Québec,CA,45.13339,-71.79907
873,Amos,Québec,CA,48.56688,-78.11624
873,Gatineau,Québec,CA,45.47723,-75.70164
873,Aylmer,Ontario,CA,42.76679,-80.98302
873,Louiseville,Québec,CA,46.25594,-72.94145
873,"La Tuque",Québec,CA,47.43337,-72.7824
873,Magog,Québec,CA,45.26678,-72.14909
873,Angus,Ontario,CA,44.31681,-79.88295
902,Charlottetown,"Prince Edward Island",CA,46.23525,-63.12671
902,Sydney,"Nova Scotia",CA,46.1351,-60.1831
902,Halifax,"Nova Scotia",CA,44.64533,-63.57239
902,Bridgewater,"Nova Scotia",CA,44.37856,-64.51882
902,Collingwood,Ontario,CA,44.4834,-80.21638
902,"West Vancouver","British Columbia",CA,49.36672,-123.16652
902,Kingston,Ontario,CA,44.22976,-76.48098
902,Sackville,"New Brunswick",CA,45.91875,-64.38455
902,"North Bay",Ontario,CA,46.3168,-79.46633
902,"Glace Bay","Nova Scotia",CA,46.19695,-59.95698
902,Amherst,"Nova Scotia",CA,45.83345,-64.19874
902,Kentville,"Nova Scotia",CA,45.0771,-64.49605
902,"New Glasgow","Nova Scotia",CA,45.58344,-62.64863
902,Summerside,"Prince Edward Island",CA,46.39593,-63.78762
902,Truro,"Nova Scotia",CA,45.36685,-63.26538
902,Windsor,Ontario,CA,42.30008,-83.01654
902,Yarmouth,"Nova Scotia",CA,43.83345,-66.11557
902,Antigonish,"Nova Scotia",CA,45.61685,-61.99858
902,Sherbrooke,Québec,CA,45.40008,-71.89908
905,Markham,Ontario,CA,43.86682,-79.2663
905,Milton,Ontario,CA,43.51681,-79.88294
905,Cobourg,Ontario,CA,43.95977,-78.16515
905,Oakville,Ontario,CA,43.45011,-79.68292
905,Oshawa,Ontario,CA,43.90012,-78.84957
905,Brampton,Ontario,CA,43.68341,-79.76633
905,Hamilton,Ontario,CA,43.25011,-79.84963
905,Burlington,Ontario,CA,43.38621,-79.83713
905,"Richmond Hill",Ontario,CA,43.87111,-79.43725
905,Newmarket,Ontario,CA,44.05011,-79.46631
905,Pickering,Ontario,CA,43.90012,-79.13289
905,"Niagara Falls",Ontario,CA,43.10012,-79.06627
905,Ancaster,Ontario,CA,43.21806,-79.98716
905,Welland,Ontario,CA,42.98342,-79.24958
905,Keswick,Ontario,CA,44.25011,-79.46632
905,Selkirk,Manitoba,CA,50.1436,-96.88452
905,"Port Colborne",Ontario,CA,42.90012,-79.23288
905,Victoria,"British Columbia",CA,48.43294,-123.3693
905,Uxbridge,Ontario,CA,44.10012,-79.11628
905,"Fort Erie",Ontario,CA,42.90012,-78.93286
